split,total,pos,pos_pct
train,94859,1146,1.2081088773864368
val,20327,245,1.205293452058838
test,20328,245,1.2052341597796143
