{
  "MAE": 4.427390791027153e-06,
  "RMSE": 0.0005008846954721267,
  "R2": 0.9999893559392963
}